Address,Count
bc1pv0282lvll28v9fqcqrkxapg27nj7fdc9u4sgkalz2rn2lwy0dces6nekd3,3
bc1pl8zs80r8lptwavgznh6kzhl7f7druvp2866ad04n52lrrsx95daqd7mxms,3
bc1pc60acdwgjak9d57rfgqjgdtku3r6at34mhzvprck750n9rqcsh7smlxl96,2
bc1p2dpep70538v4gulenqfgphe9zfa048g06xcd7j36sa3vgctmkufs3llsqk,3
bc1pd9zgxr03upngxzypvmxmtwt7k8mecz82etjm8p8883vjk0hejeeq908q5z,3
bc1pdmfa9yclcqjwvctmumuks9ujumj2gqryltdylcjsjwvsp20wr6vsypck7e,3
bc1p5v3mmmgucfxryu6nem4qfm2nqv99pvm52unrskryn6qu0qtdx3hqladxp9,3
bc1pwcdwre455sn0qku66wmuwr43tlj4c6t3xcceu5dq9qmwtecmvngsa3nnka,3
bc1pjx4kxfddysrmf02xz0yxnkfglzeh4fdk54rlq95plr95u5gagwcqzm88gc,3
bc1p8s58qj6mkznjhy7pc2gc53gwe73823s5nw9enxfq9qpew50jrkjs7446ef,3
bc1pmk9qq5jugwg0hx7hee2qt7l4qww630dqm6tf69xk2dw82zqzst5saqdrq3,2
bc1p5wljy5700lnhh44dfhzadhkzyj9wvxg3c0js6edplhsy0pqh79nspvyxzl,1
bc1pngswhdc2zvu0nrdt58e8lx8w2w8s4x40qlu5w62v0xv4hn4l2x3spaf8xd,1
bc1pv9tzk0qptnknlw2lhhgyghgknze4eqfmt0gmf52h6nahqggdmaqqajetan,1
bc1p8vpsk5lesev3ctav4lc9s2ymcr97fy666q6pt4xlles3npgkd78qvd92sv,14
bc1p3hhdgqvyldhcsq2tss9uythtnj3xvu0f7vrkphpk48cy20qea4kq7rkcud,3
bc1peas8kzg2fj0z8hzn9a0elf9wlg36rndgl2cz09y0r6jq3ft00jzqqfm3we,3
bc1prujqhfecldx6ea03n3xfy07zx0ecdp4pyhc8la8urlhfglsv3wystva3u6,1
bc1prlac023zwxjse64pc8txa9hjd3llllvzg672eh40rk632nr2k3usty0e0k,9
bc1p6czm4r9qyl92zk0lt0hjd4mnteejmlp3lwz0gazmsq9zmr5f2zns44kldy,1
bc1p097szec8552xt5qp4y560xse3ctxl2y9k7x9qxmyh9fxzc98sexsl8umwa,1
bc1p3q280k6s8kj5ndvztz84mmaqau7y6fmf3lpjt5k48eex7vdukwlqlt43pz,3
bc1pra86kmtnm4gk4aky4w2hv6phkqj4ryqusc06cr0vnydpuj2qr6eqt6zrek,1
bc1p0mgcfymrpcnvjdex0yq0r9xt0ffjeauxeftmewz344n7sswvxddsc47szl,3
bc1pea6ul0u7p982pj0q3xwks3tp5m5qk04m6xggcauygge9f937ft0qkpw804,3
bc1pqt2pyay63vrr2cesj74rs3twcqkdedzj6kaj3gsx8r8cyyyjqk7sysgt68,3
bc1p52c6r00l27nnaw5893uu7xprzedjyvxqq5g2vt9mz08m68dfngcq9tm2nh,3
bc1p0tnzlgzhzln7d4zpfqw9jmt4ncnkamunmm39kh33w9n2mj6l9nsq4duw9u,2
bc1p4c8nnftvmarysfc74zvlw8lsdmt8kksp8ck6kgnjlx9zm55ppslqqxdskw,1
bc1pcmces39gn8lp6gyfu0a5xlnq66dgmwyrcv3wm2xym7y2nrve7r0qz30p7t,3
bc1pg5lq5cn3gfjyf9jugcu9vv9td04thcd2zy9dejus0jqzaq5udlyqres4ay,3
bc1qdfurks2zmnleymyy47m0lwgcxhnnd653k4nav3,1
bc1pdwr07lzr4lt38jwkdnn9e9595mu6naptspecylpu3rrj7rnlsy2srkusvw,3
bc1p976u25qkn0uxa7gcp8dufzjrl4zegfsrgex0h4vkqqkdtf2dvnvqd7kq9g,3
bc1pzv0tqthslzldnpdwmf4esz9tqvvrzm7gqxe53fnta7l7vud80w4qevh8gf,1
bc1p5pjs6qk2m4a9yccyga9njytqm9xlc9j766a4tc68fc450ykel58qkf0u9s,2
bc1p95tf5ja57yydfuwl3vz4x0m97625w4x2t7863yraw6q6wnxpuyrsprqy9w,3
bc1pc4pmpcp0udr2wlmqxn7mf89t2zt5gs60mtndh5w6e7wcv8v4ut8qlh3fy5,3
bc1pzkfk7kt6jvwypk8r6q2kp5cz53x66vq575eewg3k7tlw6q95tdeqtz092n,3
bc1pmcluw8y5xrcazkurwvaeg9h2khv06n5cd7d4wqjwsjrx2hhcrzcsa89h8f,3
bc1pr9a9k6wcemsntd9ttenejw8n8rzq0428z9w74xph4e48wthhu9ssynlz73,2
bc1pemmv4sswsvy6p9mcltwxftpegjnes277mavjyja77jauejy8nklqhsajfd,2
bc1pjcwgw9qddmf8zquqtezfntpmm8e0z5xyqfux5js0gyaus46m7wdsg0z46k,1
bc1pv2ku3t3fc0zgnpuklphu55mgfsc0vtz0kvdgh48k0umyhv8pk9tsr3dwe8,1
bc1plcmscq3jv4mtse4ey9ydnfyzlfn3ytsswrnkqm5kzszry8lpsj4qdw9llg,1
bc1pk4gypf6mtgk703wct83n8p5r6vuennzl8ypqhnxdlucwd529t00sz7m4kg,1
bc1pkst4qlxvuplpmflwv2chkd2my3z4lnwgc8p2s978yfm8y47pq9ysh3q7zn,3
bc1pw9fpy7zg6j07e6ls0ne8l3637xa624n5wg48ztzfcfafx647y7uq3nxffz,3
bc1p8mtpc3jkk8e659wgqra2uxnznl9xvgelehjjnd2wut4d9ynm7lwqgxrtmh,3
bc1p07csrnzmfapw3k5sw0yhlf8dznu27h7admcc29hnyqs8jlfd2l3s3g9gsj,2
bc1pu4q05p95pzs9rw6ccvdfxzlstvduhgqz8l5kvy9py8v790mkuwasky7er5,3
bc1ptw97u6gwc9t8pfxfv85753svs8rtdr5vgzrt32yw0e255xufkqrslj8qw7,3
bc1p96pk67e5wrada9svtu0runjx3ultw48gl3qrl5zgfuh03ev6v54sr366tk,3
bc1ptf3v8ld0tacecv3p9mprgyjjl5t9m8dkmdlrj5v9p9ql99apdk7sgpsrun,3
bc1pr36e85uzcyky0uc04jt0ar3v8wq2twl6f0nel4d50azkv985qfpsg6yh5m,3
bc1pmyxpx0cwr7v5eh55dkehteqzl6v97czss5740qfwegtxv9kawtesdty8my,2
bc1qw8w0pe88jgfg6lgn98r6ux6dm7u9a7vp23fxpe,1
bc1q0yahprlt0tceg5e7pvr35e06yc96qsgqv9fdqu,1
bc1peszxwt4yx7mty20a2dypz3wxt2qfm4m9mzt2cej7r8kyp6327xmshcpl4f,3
bc1ptrchsaatfsl0x87ktq22dderl4crrs8u2gzrmq98v9r5vf3v5plqx83j0n,3
bc1p7uee4ayk8a4ws3ecuad9wckq7q9juzdnmnqvm2k2p8sanhk3dgsqurl95z,3
bc1p85gmvlftu59snntjnu5wkesgts8dv8s3nhsqylsu5fqnseyd0nrslu3rk2,2
bc1p3fa7mx4f3s9yyj6fcvcurw0qlk5h4nay0f9senqetcczfzpqjr2qq7znz0,1
bc1p8ecw3dh20g5fvk4juvqacr3ze0dsgnh4c5fyt5jc3s0vngv3nxcs5rsq4a,3
bc1q9m3y53r4cujvr9aq8qr48qlu3w8vw4q9p90f5q,1
bc1pfcszrpzhldhma3ncxsshru8px76w8cj5hagn8zznmwt4szjfp5wsck6jgv,3
bc1pmrrwynlccf8f8xrfsg43zm7kkh0ev9vafftv49lf57ys5xjqs8dqw84nud,1
bc1pc6l0wgay8en5hc63cfufuuez2a8jgk22mh4uzxh7zkav407ld48qzxskcs,3
bc1pgqkxq2p0w840xg35ps7tgczyafy7cwcscjh0esj6jdk7wsynsqwq9lxdjs,3
bc1p8z7cr0vzcyszz8vaydhpnuqzxyzhl8us79dtcvhmdkgncl2g27yqzt0djq,3
bc1p9ekwvq8ej2e8p36u747573yy9ze3yekcgy0yag4gxzrskrvsdrasm5esc2,3
bc1pwswdagekmlz4e0na493s42yzwmg2gx20rp6scqrt9lls5jz7rgfscpwfym,1
bc1pzacgqz0rajqfpnxk2wvzj4vps8fr2zv8n35vhy0w9c4y07f0a9hqkccek8,1
bc1pelrh5jwar5lvzg04qxwqqg4dstsglkj5u6hvw4yv82d43l2natdspxkyt4,3
bc1pqk5dzywfqg4dxy83256dg8t2rnm5cyjwa6tuy723safv06qsdgfqzvfhze,1
bc1pr2yfh8mmphh8xamwmmag4ewjfpzwfghrqyy5qlxu3dwc03t3kufq055ytc,5
bc1plea9vl32a2szcqydz7cgkea7s5qtfdkl4du60gjf2nz74f8ux7tq8z96mn,1
bc1pkxxfqagrf4dr4h2zv42pjuy0dva034vxu40emrngzs7we9gagtvqfzktru,3
bc1prjrl36ddjjtml09kh723zzzygqc2rtjwz352zcwxcexdejakdnfqwhkz4h,3
bc1qr0m4m3c83g8flwqvghtu3g8de3efnz5vc0nn57,3
bc1phn9l9rcluu52gfw89fhveltcyky8yhqzn8xsjsrvdhzkdag5fvessxujdy,2
bc1pjpudaurw9etmlmgx2svyu2et8avl29lxa8u7j0jgsfguz3e9mt0qhtd4qd,3
bc1pujnqfs0g267nnrvm8n567wjznj4yhd6x66xzjve90st7mjxps78qpz942v,3
bc1p3l80vxadxjgc3z93k60g328qrznaa6hph3z9485wrklcv6a6s59q253edx,2
bc1pztqs52v8395e6qpqn2d0z9r32medlznr4wtfu9sag6ezejvgfugqyc95f7,1
bc1p7pkwrkr4xhlp827tega8stcsl5cywqnkjyyr0z7gqpq5efq3kseswlvdn5,1
bc1prd575cn9fzy59l0gcg96shegg2p5msjkzpmxwp33eje0xtsn95cqaqf3nu,2
bc1pygs7n40kc6767j42fwj67sj0phj4v4kzzh6up2654leefcgpqsyqft8c5z,1
bc1p3pcymcnj7n5hzd7zgn6txqltut63zwc7q92ytct2mp2pn9vr588s09lqhh,6
bc1pgstxc20gky84wqt3a7w9zc30pymthug9e89ffwumwrjl923hzy2qdgxl6x,1
bc1pdd5fjcuha3qpfz3lvggq6a4xv8mclnk2vq9w8u0wwmye8n4gxhjq3ezp4n,3
bc1ppklaf4xcjjhm85ejseq5hmcznd53xvgypzjylj2lrt44enveqk8spwshrn,2
bc1pvgk8sgsv0gltyyrg3whf0xs69ljjkkj4a6xcezsje4dv4034fs8sh9cj9m,3
bc1pghggqjkqdulwxmah0a0auzzg723jyrve3a0tukmqth55es8z3xxsdxcjse,3
bc1plzkkyfkux5h7rqdvt22fkymsawf0zfq8lcytdfd9h4n7duhfekrqhgkput,3
bc1p3kpev5zjqytaflletwwlvnemqalg96sty7ve52s92w6q8e792khshtfaez,3
bc1p2g0d0x52n86hvhs0m9wj5a6eas5gnatqy2dfj7l532lrvp49mvwqlssdcq,4
bc1phfw2fhkrjku3jzf32aqr5pme9zc0xmya2p9mwlkjv9ej7fdazd3s906snm,2
bc1p8rt2cvv5u3uzh0dvsqltk92qwm3wudzuu56wf50fqjdjde82f52qllfnyz,2
bc1pns7dh2aw7kp64kgzkznm7tm09x53xmcl0ts6w6r98c84l6kcqz2q4v9p2m,2
bc1pwz4fw3k49vuvdpun4n2ar3tgz0afwqkmnrykh3rj5ujsv6hskl9s7p7ln3,2
bc1qp5ychjvsmsrdv3dvwwa2hylksprqsjdrhqxesu,2
bc1qdhl5599y97z3mv3x7q5wmy883mmjruvt96jsqu,2
bc1pzn2nwyywzdjvav4wz0gd8n6gz60qrp8uj82f49wthkvqj227adsq5g7l99,2
bc1pmh08d6k9uaqcz94k3zq6qxl3aea8xe465re3er9kmy8cy3wwwemqlsngv3,2
bc1pg8e02vy3cd67jj43kg6hg9ey5srarup4e345eqg2a05f805dgt2qvgn40l,2
bc1pdz4zpaqwavzxzjrw3qz94pgtun59l27vgqy7yqxzzfkx0df00ffqasw5x5,2
bc1p0qzc5405y0ef0tk259mdm4f2ms8uwk3098v6xqevs4hetg9j3glsgq9kld,2
bc1pmfep9v0cfatmppte2fyph5w0qz5xe9egndl9kwqchywdr48dh3ys9emk2l,2
bc1p6352kjrqlu9v24l6utgu264jjkjrzjfewpwthrlzu3va3lw7swnss2usza,3
bc1pxwr3mtx6tw0gxcyhwsjesrkmlsr0cptksmqldcs84h7r4jpysnfs04gj3r,3
bc1pjgz0pahaxptaptp77f0vc08d26rqx4dr9ky73hxw9m3ptf80s5zqs4alwl,3
bc1pnk0e09ej6p37aftvvnlauvjq6u8u3ey7qlvpjcmrqkvqy5cnjqqskf8ey6,1
bc1phn6xlysjd6uc0q88qgedzzdsy3wu8kfwgq4pw6kq40xl0rd6msns9qveaz,3
bc1pmhyk7a237sly4ygcpqq50x3dyn27vdkmpr5mvqxlcepztdtjlfyqpuguqj,3
bc1py3kp9jectdjl5nszrch624wllts5l4yaxm52q8jryy9pnsd009tq5jc804,3
bc1pdrs5jwyl7yhg37y6pd3dnurqvjn4f5ttp64aetg5v8zzfwymkalqydd23u,3
bc1p89zp0pcmpgt4e9nqdl2cdhde79zj6kydsrs3qar0edlxr54fclfqt7gqq9,3
bc1p99trp427dk0ggwcyjevs00zklxqrtfmktcm7mcgese87mve6dqtqctkrnm,3
bc1p8erhwjvm3ndl504rv9tg7x57w42t3xj2gmlyvh2jtafjhu8w9htqanrcpa,3
bc1pdppcnhpstxrlfkm2chfmura0r2k9qqrfwaa8tnqtk04fk6jvtgqs2crv7p,3
bc1p83yyv9g3cf7n8tf9lxaw8hh50ct7u3cgn3xjve733au65ftzkwwqg3mt5g,3
bc1pw3s3g0uup0tna5rqhr4ptczp9lq8uhu9f0jcl2un9l0hw7tedxfq8xm7rq,1
bc1pe62d6mp2f6x2m7e4w498rv0v4lpxr08kg8vwnvvypyq3u944uaksf6j46a,1
bc1pt7ptgqnh65ftrrvre5x3u0qqll5p4sks0ym8cx9na6gl8lgfcmeqzs6jau,1
bc1pf68rvjrhqngktgtls95ta72kem5nhsekwun7r0nh36r4petxy6fqp2jgey,1
bc1pkxnagdj5vsndgy2p2vmfwzc5gdlc4n5pyhpkkqgrakcw2gu0925qu9cx07,1
bc1qf32xm33crzj02az200z5f4wpqaxp4v4e2rs4z0,1
bc1p5vze3mp62660nf2vs487avwck32k7q9aglgnk78cqm9r9dq0k98shg78z5,1
bc1p2xpuecdyphjjwlzzstff8qttvjja7dzqm2m7v4ygvr6d756x3gkq6lfl5c,1
bc1pysvmaymgeah60ncaylzw9qrqnyq4w8l6h7lvfxc8mslq90pqnlssszyr47,2
bc1pcc4w6n3m7ef2ul9fdafe7l9g6dwpehj02xkfs3pxy0wzlvkrvxxs3pces0,1
bc1p8z0c3svj5qcxdnw4dj70w2j9wskpvhhcdfn44jdzn6wa8gdf9yns4k70la,1
bc1pw302ztwjczua709dpw0zd7gc564qumcrl28euk6jg3dr4mw28ncqs8at58,2
bc1pjp0wq46luuwqvum8cyhwpr2073p25ea47mklvmluxapgs0l2lyzszu2q27,1
bc1p7yq2d36pcge2rtexgxj9hkpz9fvsx7qppzrsvhs4x7hppujftc7suc8ekk,2
bc1pz3pxz5evvzvgrgwn7wphejj93ydnj4yecz9fvdkwulpyxymvz0rqcha48x,1
bc1p2027ttclltcz3fu9rx7k443t6tf622phj6kjx8yeryh0gn55gjzsa8qk0r,1
bc1plpezxyklnvfc5jdfw7aa77uyym2sarag2v8st8djklx80v82xumqxr5crd,1
bc1pyzlz76zus9rwfffh3w80dul4p72832ts2ncmxjz0cr6r75uq65ls54dzzh,2
bc1p7cttff0kc08dvmrekp9jkq8kct90f9zlv70zgd43kw7w33e04zcqgz5dm6,2
bc1p7tzetvae3ukympel8g27ahp2epd6x67rg4phph3crteey8map7pq9lpqn4,2
bc1pqy2w38uxltmkpugjyjm2ce6qpaln8h70rpk5s5f8ka5l84kagqesyta4hr,2
bc1phy8lqnzj3z2hv7d4d3r6se3tmxahghawt393frrkeazhxeqjzjys8p2j52,2
bc1pqw22sescxwamfwdl69c9v3a2gmmy999tehf7urneyzpskxkvay4qnm0l0d,2
bc1p7nu68dhwrkv48eyqt2mljpkck6654y6sr8su8evnt9phq3wrm02qamwak2,2
bc1pw2xahzy943e6ztep62x2ncddarqzky9xj7mg55qya5cnhchzs39spk040y,2
bc1p6gwtxxnv27krn2ns6vuth87dqjhvapa6hgx0wadl8rwjvnn8f4lqxt9zq7,2
bc1pndy3dh56lu8pta9ae3v9dmw7wqm3gqswcyxullhz829ckg7f5k3sz035z9,2
bc1pzadxnqn8my00w20xcatndlxl930rumy4gvxn6gdwyytda7z9qsgqxkmln2,2
bc1pm05zke6zavk0m3auyk0h4ehv9z3mj3f7y9p8uez9fhlcuqze96ws2gdaka,2
bc1p74wqawdxvh6v650lve6hcgjf3y89twpwmmhhyzs2lyj8g7exus6sg5f2hw,2
bc1pdr2uxs40vkfrz99d8h4gn7xdyc93lxxxhghq82jszn4tfjcy6n7spgyt9z,2
bc1pl6l5fgr5rr2jmkqxecvtnndcp9wjepa4a9dtf5pcnjkglpfdfdpqwjva0m,2
bc1p6t0htsa2ad4plvtnh9t2px69404vjn7lws6rlrd3l0jsm40ss3csu9k0qm,1
bc1pm7gwhlulgrnrnzrrxv3fz0lc5myydld67ls0kvg7zjlnksgdy93smadx96,1
bc1pz24l35dpzpcwlfaejk50uh64wf2w6dj7kvzshgkgalt2vzg95xmswq8tkr,2
bc1pemexy5h658mfacmcde7uvyt8paua5cv6rm90kfsjxjdu3eqph7asua933t,1
bc1penytgwsprekp5jcfa0whucqgajdw3xm6gwsrgswv9xmgpgdj7v6samrld0,1
bc1ptces7nz8zca2wgn2h639vcu6x3848y59ddhnfm3yumcmr7km2gas6ex995,1
bc1pumc2rxfzcat00tzwm2y3cl8fk73ng7aum8fhhvm9adsc25qks3gsv8za8p,1
bc1pe828vnf094qa4j35ezywzjr2d6t3u7uyvt6qpll6yghwxmv4hdhqyjyztu,1
bc1putvmcd8f3r4tq2lradzukha9aqsycj7q04lgexc90unjuj7qywesca0gr0,1
bc1pzauvaryxkxh35jg5vxkzlzngethjsmekurz5x04jxcq6ad7j747s0khazh,1
bc1pxnyw7838ltj34cr8vavqmzht4fl4k7m5deh04zam8tt849nz8mtsycyhzh,1
bc1qtwpzdxrtuqzkpm2944hp74slq2ujr8sqja8evn,1
bc1pqrdy28hm4q4qccmrz2yl7r8h9ew0qfdtctxe4snj3glu55x49fus45v6c8,1
bc1p8a098kr39zg0k9jsjvv9z7npuepuy3x9uwmw4l9tek8y5d5zpc7q8wvjth,1
bc1ptclvncgm522pswdx8wgd8mcmjmhr2qqd5wrx5m35v262v5ekfn0srqtagq,1
bc1pj6kzzxq649jpyaj94w3hcfee897053vn64lm5tzwnrf5ees2xyrq4czygy,1
bc1pvj2mu57f972aqpv98v2tvej46es6jgkthvm0u6sp8q8nmdz0zx8sfwa5jv,1
bc1pygxfw8r3e9tseptvs6f0eqapywvlhx0n93num9824ca9lkadlhhsjsavqa,1
bc1pseh8knxll0cm9xqujcauk75e2njpjyj2xwsxp6xhjhmtlatjyceqnpt7p6,1
bc1ps9dmam7msjh23nk66dyszm9756cx30zncprm42yzgralakd8mnaqjcdtkh,1
bc1p9zf3736rqys3quqm2jhjmcq0ktcs37s8hw326fd3pylz2tup5srs9zls7x,1
bc1pe42rd4g9jgn9d738zgj993pygghhq24sme4yg6tcakyml6udhe6slq2259,1
bc1pfa5ksdll3ervv9yj32yr4zrv069rxfegcst302p29hka848599aqh2h468,1
bc1p0dy8ku2ctw5emffenvuhg3pw3xpyj4a883zzj7fw8nzzq2qmsewqnnm9nv,1
bc1pp2mhst5mq4he3289h02m3talxeg8rxwjkd24lzqlthczlggfgh6s3kathh,1
bc1pj64srxlaqhm5yz9slarcyx4nxq8uy0d524udcsmr58russ42dxwqzk4ucd,1
bc1p2fcjgkjm2nkyqppxue0kwsq2z9arulzy87hj0zck6dem7qqsm3xqt54zks,1
bc1p8t9xwvw3uv0vdf23tyfw8cmt20uy9g8t590u2nmvr3p3ldakaacqycwyx9,1
bc1p5aj6nxr20r0h6259a695p8tfdjzw67lr8n0argtw8x279peuk48qyly3m9,1
bc1p9gqdljs72yqs9mfk48hk0pp44puupuqfh5zav2dncwz2g65cdsxstzdxxu,1
bc1pjq6yjqcm46cnkntg6s8q8q720y2slaq5u7tp669j6x436zmuew0q9k423r,1
bc1pnea7yny860nzthn0xt0vvxf5a55cnjke250neu9v44z8uv3xn8jser0j8x,1
bc1pyltpaxsrs37zx30srgq2whwxue7nd5c7sesfhrvj7nygx6v224rqynjxr9,1
bc1phtggnr776eqhnc9jq6mugs0twu6fjtpjnnz704fmywjcnpyzat3qzrtdat,1
bc1qtz9p5pg2k4rtau2cngdcrcvdsl2tkjnezdvzs0,1
